﻿id,username,name-first,name-Last,Date,password,gender,weight,height,workout_habits,fitness_goal,preferred_activity,time_commitment,dietry_restrictions
1,M1,Fiona,Murray,1961-08-30,1Fiona,Female,60,175,light,weight_loss,running,less_than_30,vegan
2,S2,Fenton,Stewart,1971-06-04,2Fenton,Male,99,172,moderate,muscle_gain,cycling,30_to_60,vegeterian
3,H3,Dominik,Holmes,1974-09-09,3Dominik,Male,124,149,moderate,general_fitness,yoga,30_to_60,paleo
4,H4,Victor,Henderson,1988-07-12,4Victor,Male,126,160,light,muscle_gain,yoga,less_than_30,gluten_free
5,M5,Rebecca,Morrison,1985-08-18,5Rebecca,Female,82,160,heavy,general_fitness,wightlifting,more_than_90,vegan
6,T6,Jenna,Tucker,1985-12-29,6Jenna,Female,129,146,moderate,muscle_gain,swimming,30_to_60,vegeterian
7,S7,Evelyn,Stevens,1983-08-14,7Evelyn,Female,145,150,heavy,general_fitness,wightlifting,60_to_90,paleo
8,P8,Edith,Perkins,1989-07-24,8Edith,Female,102,203,heavy,weight_loss,running,more_than_90,vegeterian
9,P9,Carl,Parker,1975-01-09,9Carl,Male,79,146,light,muscle_gain,yoga,less_than_30,paleo
10,C10,Ted,Chapman,1980-11-15,10Ted,Male,57,146,light,weight_loss,pilates,30_to_60,dairy_free